"SUPPLIER_ID";"SUPPLIER_NAME";"PHONE_NUMBER";"ADDRESS"
1;"Mickie Paddock";"927-584-5302";"4341 Sommers Avenue"
2;"Alexandro Rootes";"544-249-7049";"28 Holy Cross Park"
3;"Jori Escot";"979-404-2525";"555 Pine View Avenue"
4;"Colan Ferraretto";"793-232-5268";"16 Dorton Way"
5;"Lyndell Hanmore";"139-339-7067";"678 Birchwood Pass"
6;"Dorie McRobb";"726-529-5392";"3 Old Shore Road"
7;"Eddy Trundell";"475-214-0495";"51 Starling Avenue"
8;"Jade Tipper";"718-606-1074";"007 Warner Avenue"
9;"Essy Mournian";"710-724-6274";"7 Hazelcrest Court"
10;"Sorcha Cunde";"214-715-0135";"35092 Center Hill"
11;"Rhys Bellard";"553-379-8117";"6 Scoville Park"
12;"Marnie Cardo";"444-725-1150";"80 Carey Drive"
13;"Lock Baldrick";"813-275-8760";"109 Walton Court"
14;"Itch Priddy";"335-918-2649";"77 Buena Vista Drive"
15;"Johannes Newman";"698-745-9705";"2328 Pine View Circle"
16;"Fraser Allain";"245-142-0242";"09273 Farragut Avenue"
17;"Debby Braybrooks";"829-124-7389";"2 Duke Point"
18;"Lavinia Flawith";"371-342-6905";"416 Cody Place"
19;"Mavis Andreou";"919-950-1996";"160 Forest Run Pass"
20;"Shaughn Maile";"687-279-6829";"538 Melody Pass"
21;"Olenolin Lodevick";"129-961-3839";"359 Hoard Lane"
22;"Niall Salandino";"476-635-9975";"18 Straubel Plaza"
23;"Adelle Garard";"710-749-3442";"52 Dakota Avenue"
24;"Elvina Dehm";"516-785-7684";"46141 Merchant Park"
25;"Tonia Feake";"720-119-9526";"80 Badeau Crossing"
26;"Xenos Harniman";"695-451-4587";"414 Haas Place"
27;"Mark Rockingham";"262-424-2470";"2501 Ridge Oak Street"
28;"Malory Roarty";"585-846-1845";"5 Vermont Avenue"
29;"Sheela Ivashnikov";"136-508-6486";"6 Superior Circle"
30;"Marjie Lars";"456-167-6656";"2489 Miller Plaza"
31;"Janeen Volet";"431-449-6429";"798 Toban Avenue"
32;"Lucia Majury";"141-755-0237";"2 Northport Place"
33;"Bart Shillito";"911-770-9422";"6 Mifflin Pass"
34;"Ursa Withers";"445-810-5984";"9748 Mifflin Circle"
35;"Jessika Chretien";"952-286-1417";"17789 Buhler Court"
36;"Valera Pleasance";"444-927-6655";"31 Toban Drive"
37;"Alwin Tidbold";"265-608-5120";"16 Killdeer Center"
38;"Xenia Fontes";"628-830-7304";"827 Mcbride Lane"
39;"Llewellyn Hedderly";"526-211-7761";"2 Texas Place"
40;"Willabella Elesander";"983-770-1768";"76645 Schurz Place"
41;"Oswell Buchan";"338-978-8269";"5629 Bartelt Drive"
42;"Aila Bardwell";"420-453-7247";"82220 Heath Pass"
43;"Tallou Mowsdale";"353-146-0488";"4466 6th Trail"
44;"Grover Sacco";"701-157-0854";"1721 Del Sol Crossing"
45;"Farrand Rizzi";"232-986-5496";"7895 Spohn Pass"
46;"Harriette Loram";"664-554-6895";"819 Haas Court"
47;"Donn Enoksson";"241-542-5420";"45 Katie Crossing"
48;"Ricca Fox";"926-633-0019";"4716 Transport Park"
49;"Kari McLukie";"624-984-2772";"6 Kings Street"
50;"Horatia Ferryman";"372-555-0535";"4 Nevada Way"
